<?xml version="1.0" encoding="UTF-8"?>
<metadata xml:lang="en"><eainfo><detailed Name="ODNR_TOWNSHIP"><enttyp><enttypl Sync="TRUE">ODNR_TOWNSHIP</enttypl><enttypd>Arc attribute table for the layer</enttypd><enttypt Sync="TRUE">Feature Class</enttypt><enttypc Sync="TRUE">1365</enttypc></enttyp><attr><attrlabl>FID</attrlabl><attrdef>Internal feature number</attrdef><attrdefs>ESRI</attrdefs><attrdomv><udom>Sequential unique whole numbers that are automatically generated.</udom></attrdomv><attalias Sync="TRUE">FID</attalias><attrtype Sync="TRUE">OID</attrtype><attwidth Sync="TRUE">4</attwidth><atprecis Sync="TRUE">0</atprecis><attscale Sync="TRUE">0</attscale></attr><attr><attrlabl>Shape</attrlabl><attrdef>Feature geometry.</attrdef><attrdefs>ESRI</attrdefs><attrdomv><udom>Coordinates defining the features.</udom></attrdomv><attalias Sync="TRUE">Shape</attalias><attrtype Sync="TRUE">Geometry</attrtype><attwidth Sync="TRUE">0</attwidth><atprecis Sync="TRUE">0</atprecis><attscale Sync="TRUE">0</attscale></attr><attr><attrlabl>TOWNSHIP</attrlabl><attrdef>Township Name</attrdef><attalias Sync="TRUE">TOWNSHIP</attalias><attrtype Sync="TRUE">String</attrtype><attwidth Sync="TRUE">24</attwidth><atprecis Sync="TRUE">0</atprecis><attscale Sync="TRUE">0</attscale></attr><attr><attrlabl>COUNTY</attrlabl><attrdef>Ohio county name</attrdef><attrdefs>Ohio</attrdefs><attalias Sync="TRUE">COUNTY</attalias><attrtype Sync="TRUE">String</attrtype><attwidth Sync="TRUE">24</attwidth><atprecis Sync="TRUE">0</atprecis><attscale Sync="TRUE">0</attscale></attr><attr><attrlabl>TWP_NO</attrlabl><attrdef>Township number</attrdef><attrdefs>ODNR</attrdefs><attalias Sync="TRUE">TWP_NO</attalias><attrtype Sync="TRUE">Integer</attrtype><attwidth Sync="TRUE">9</attwidth><atprecis Sync="TRUE">9</atprecis><attscale Sync="TRUE">0</attscale></attr><attr><attrlabl>TWP_CODE</attrlabl><attrdef>Township Code</attrdef><attrdefs>FGDC</attrdefs><attalias Sync="TRUE">TWP_CODE</attalias><attrtype Sync="TRUE">String</attrtype><attwidth Sync="TRUE">4</attwidth><atprecis Sync="TRUE">0</atprecis><attscale Sync="TRUE">0</attscale></attr></detailed></eainfo><Esri><DataProperties><itemProps><itemName Sync="TRUE">ODNR_TOWNSHIP</itemName><nativeExtBox><westBL Sync="TRUE">1310235.169789</westBL><eastBL Sync="TRUE">2518336.090211</eastBL><southBL Sync="TRUE">146845.792943</southBL><northBL Sync="TRUE">1455190.069105</northBL><exTypeCode Sync="TRUE">1</exTypeCode></nativeExtBox><itemSize Sync="TRUE">5.570</itemSize><itemLocation><linkage Sync="TRUE">file://\\729D7FSANSTGIS\C$\MRA\Projects\Geoportal_Implementation\GeodataFTP_Processing_082614\Data\Geoportal_DataPreProcr_outputs\Temp\odnr_township\odnr_township</linkage><protocol Sync="TRUE">Local Area Network</protocol></itemLocation><imsContentType Sync="TRUE">002</imsContentType></itemProps><coordRef><type Sync="TRUE">Projected</type><geogcsn Sync="TRUE">GCS_North_American_1983</geogcsn><csUnits Sync="TRUE">Linear Unit: Foot_US (0.304801)</csUnits><projcsn Sync="TRUE">NAD_1983_StatePlane_Ohio_South_FIPS_3402_Feet</projcsn><peXml Sync="TRUE">&lt;ProjectedCoordinateSystem xsi:type='typens:ProjectedCoordinateSystem' xmlns:xsi='http://www.w3.org/2001/XMLSchema-instance' xmlns:xs='http://www.w3.org/2001/XMLSchema' xmlns:typens='http://www.esri.com/schemas/ArcGIS/10.0'&gt;&lt;WKT&gt;PROJCS[&amp;quot;NAD_1983_StatePlane_Ohio_South_FIPS_3402_Feet&amp;quot;,GEOGCS[&amp;quot;GCS_North_American_1983&amp;quot;,DATUM[&amp;quot;D_North_American_1983&amp;quot;,SPHEROID[&amp;quot;GRS_1980&amp;quot;,6378137.0,298.257222101]],PRIMEM[&amp;quot;Greenwich&amp;quot;,0.0],UNIT[&amp;quot;Degree&amp;quot;,0.0174532925199433]],PROJECTION[&amp;quot;Lambert_Conformal_Conic&amp;quot;],PARAMETER[&amp;quot;False_Easting&amp;quot;,1968500.0],PARAMETER[&amp;quot;False_Northing&amp;quot;,0.0],PARAMETER[&amp;quot;Central_Meridian&amp;quot;,-82.5],PARAMETER[&amp;quot;Standard_Parallel_1&amp;quot;,38.73333333333333],PARAMETER[&amp;quot;Standard_Parallel_2&amp;quot;,40.03333333333333],PARAMETER[&amp;quot;Latitude_Of_Origin&amp;quot;,38.0],UNIT[&amp;quot;Foot_US&amp;quot;,0.3048006096012192],AUTHORITY[&amp;quot;EPSG&amp;quot;,3735]]&lt;/WKT&gt;&lt;XOrigin&gt;-119670700&lt;/XOrigin&gt;&lt;YOrigin&gt;-95612900&lt;/YOrigin&gt;&lt;XYScale&gt;37024245.698512442&lt;/XYScale&gt;&lt;ZOrigin&gt;-100000&lt;/ZOrigin&gt;&lt;ZScale&gt;10000&lt;/ZScale&gt;&lt;MOrigin&gt;-100000&lt;/MOrigin&gt;&lt;MScale&gt;10000&lt;/MScale&gt;&lt;XYTolerance&gt;0.0032808333333333335&lt;/XYTolerance&gt;&lt;ZTolerance&gt;0.001&lt;/ZTolerance&gt;&lt;MTolerance&gt;0.001&lt;/MTolerance&gt;&lt;HighPrecision&gt;true&lt;/HighPrecision&gt;&lt;WKID&gt;3735&lt;/WKID&gt;&lt;/ProjectedCoordinateSystem&gt;</peXml></coordRef><copyHistory><copy source="C:\MRA\Projects\Geoportal_Implementation\GeodataFTP_Processing_082614\Data\ExtractNow_unzipped_outputs\statewide\odnr_township" dest="\\729D7FSANSTGIS\C$\MRA\Projects\Geoportal_Implementation\GeodataFTP_Processing_082614\Data\Geoportal_DataPreProcr_outputs\Temp\odnr_township\odnr_township" date="20140924" time="17324800"></copy></copyHistory></DataProperties><ModDate>20140924</ModDate><ModTime>17324800</ModTime><ArcGISProfile>FGDC</ArcGISProfile><SyncDate>20140924</SyncDate><SyncTime>17324800</SyncTime><scaleRange><minScale>500000</minScale><maxScale>5000</maxScale></scaleRange><CreaDate>20140924</CreaDate><CreaTime>17324800</CreaTime><ArcGISstyle>FGDC CSDGM Metadata</ArcGISstyle><SyncOnce>TRUE</SyncOnce></Esri><mdLang><languageCode value="eng"/><countryCode value="USA" Sync="TRUE"></countryCode></mdLang><mdChar><CharSetCd value="004"/></mdChar><mdHrLv><ScopeCd value="005"/></mdHrLv><mdContact><rpIndName>Terry L. Wells</rpIndName><rpOrgName>Ohio Department of Natural Resources</rpOrgName><rpCntInfo><cntPhone><voiceNum>614-265-6777</voiceNum></cntPhone><cntAddress><delPoint>Not Available</delPoint><city>Not Available</city><adminArea>OH</adminArea><postCode>Not Available</postCode><country>US</country><eMailAdd>terry.wells@dnr.state.oh.us</eMailAdd></cntAddress></rpCntInfo><role><RoleCd value="007"/></role></mdContact><mdDateSt Sync="TRUE">20140924</mdDateSt><mdStanName>ArcGIS Metadata</mdStanName><mdStanVer>1.0</mdStanVer><distInfo><distributor><distorCont><rpIndName>David Crecelius</rpIndName><rpOrgName>Ohio Department of Natural Resources-Office of Information Technology</rpOrgName><rpPosName>GIMS Coordinator</rpPosName><rpCntInfo><cntPhone><voiceNum>614-265-6776</voiceNum></cntPhone><cntAddress addressType="postal"><delPoint>Office of Information Technology</delPoint><delPoint>1894 Fountain Square Court</delPoint><city>Columbus</city><adminArea>OH</adminArea><postCode>43224-1360</postCode><country>US</country><eMailAdd>dave.crecelius@dnr.state.oh.us</eMailAdd></cntAddress></rpCntInfo><role><RoleCd value="005"/></role></distorCont><distorOrdPrc><resFees>No fees for downloading, CDs may be purchased</resFees><ordInstr>This theme is downloadable.</ordInstr></distorOrdPrc><distorFormat><formatName>ArcView Shape File</formatName><formatVer>unknown</formatVer></distorFormat><distorTran><transSize>6</transSize><onLineSrc><linkage>http://apps.ohiodnr.gov/geodata/statewide/ODNR_TOWNSHIP.exe</linkage></onLineSrc></distorTran></distributor><distTranOps><onLineSrc><linkage>http://apps.ohiodnr.gov/geodata/statewide/ODNR_TOWNSHIP.exe</linkage></onLineSrc><transSize Sync="TRUE">5.570</transSize></distTranOps><distFormat><formatName Sync="TRUE">Shapefile</formatName></distFormat></distInfo><dataIdInfo><idCitation><resTitle Sync="TRUE">ODNR_TOWNSHIP</resTitle><date><pubDate>2002-01-01</pubDate></date><citRespParty><rpOrgName>Terry L. Wells</rpOrgName><role><RoleCd value="006"/></role></citRespParty><citRespParty><rpOrgName>Ohio Department of Natural Resources, Division of Information Technology</rpOrgName><rpCntInfo><cntAddress><delPoint>Columbus, OH</delPoint></cntAddress></rpCntInfo><role><RoleCd value="010"/></role></citRespParty><presForm><fgdcGeoform>GIS Coverage - Digital</fgdcGeoform><PresFormCd value="005" Sync="TRUE"></PresFormCd></presForm></idCitation><idAbs>This theme shows the county boundaries for the State of Ohio. Boundaries were assembled from individual USGS Quadrangle digital line graph files (dlg) of the boundary layer (bd). These files were obtained from the GIS Support Center, Ohio Department of Administrative Services and were originally prepared by the Ohio State University Center for Mapping in cooperation with the United States Geological Survey with additional funding from several state agencies and other groups. These files were augmented in a few instances with hand digitizing where small missing line segments were found. The Lake Erie shoreline and islands in Lake Erie were added from the Hydrography layer (hy). It should be noted that because the quadrangles used varied over a wide rangle of years this line does not represent a particular water level and is for illustrative purposes only. For example there is a wide offset between the shoreline on the Metzger Marsh Quadrangle and that of the Oak Harbor Quadrangle. This distance is so large that no attempt was made to edgematch the two quadrangles. The line connecting the two shorelines represents the quadrangle boundary. For the purposes of this map Sandusky Bay and Muddy Creek Bay were included as a part of Lake Erie. The Lake Erie shoreline is not meant to represent any Lake Erie shoreline which may be used for regulatory puposes. An updated boundary for Fairfield-Licking-Perry Counties within Buckeye Lake was included by digitizing the boundary from a more recently updated quadrangle map. Conversion from the dlg format to ArcInfo was accomplished using ArcInfo software in conjuction with an AML program to adjust the quadrangles so that their corners fall on the exact coordinates of the quadrangle corners. Due to the way in wihich coordinates are stored in the dlg's there is some variation in the quadrangle corner coordinates.</idAbs><idPurp>This coverage will be used as a base map for mapping statewide variables and as the base to be used for individual project boundaries.</idPurp><idStatus><ProgCd value="007"/></idStatus><idPoC><rpIndName>Donovan M. Powers</rpIndName><rpOrgName>Information Technology</rpOrgName><rpPosName>GIS Administrator</rpPosName><rpCntInfo><cntPhone><voiceNum>614-265-6772</voiceNum><faxNum>614-265-7223</faxNum></cntPhone><cntAddress addressType="postal"><delPoint>2045 Morse Rd, Bldg I-2</delPoint><city>Columbus</city><adminArea>OH</adminArea><postCode>43229</postCode><country>US</country><eMailAdd>donovan.powers@dnr.state.oh.us</eMailAdd></cntAddress></rpCntInfo><role><RoleCd value="007"/></role></idPoC><resMaint><maintFreq><MaintFreqCd value="010"/></maintFreq></resMaint><placeKeys><keyword>USA</keyword><keyword>Ohio</keyword></placeKeys><themeKeys><keyword>boundaries</keyword><keyword>planningCadastre</keyword><keyword>Administrative</keyword><keyword>Cadastral</keyword></themeKeys><searchKeys><keyword>USA</keyword><keyword>boundaries</keyword><keyword>planningCadastre</keyword><keyword>Ohio</keyword><keyword>Administrative</keyword><keyword>Cadastral</keyword></searchKeys><resConst><LegConsts><useLimit>The Ohio Department of Natural Resources (DNR) provides this geographic data 'as is.' DNR makes no guarantee or warranty concerning the accuracy of information contained in the geographic data. DNR further makes no warranties, either expressed or implied, as to the condition of the product, or its fitness for any particular purpose. The burden for determining fitness for use lies entirely with the user. Although these data have been processed successfully on computers of DNR, no warranty, expressed or implied, is made by DNR regarding the use of these data on any other system, nor does the fact of distribution constitute or imply any such warranty. In no event shall the DNR have any liability whatsoever for payment of any consequential, incidental, indirect, special, or tort damages of any kind, including, but not limited to, any loss of profits arising out of use of or reliance on the geographic data.</useLimit></LegConsts></resConst><resConst><Consts><useLimit>DNR further makes no warranties, either expressed or implied, as to the condition of the product, or its fitness for any particular purpose. The burden for determining fitness for use lies entirely with the user.</useLimit></Consts></resConst><spatRpType><SpatRepTypCd value="001"/></spatRpType><dataLang><languageCode value="eng"/><countryCode value="USA" Sync="TRUE"></countryCode></dataLang><tpCat><TopicCatCd value="015"/></tpCat><tpCat><TopicCatCd value="003"/></tpCat><dataExt><exDesc>20020101</exDesc><tempEle><TempExtent><exTemp><TM_Instant><tmPosition>2002-01-01</tmPosition></TM_Instant></exTemp></TempExtent></tempEle><geoEle/></dataExt><dataExt><geoEle><GeoBndBox><westBL>-84.820642</westBL><eastBL>-80.501244</eastBL><southBL>38.400452</southBL><northBL>41.970258</northBL></GeoBndBox></geoEle></dataExt><envirDesc Sync="TRUE">Microsoft Windows 7 Version 6.1 (Build 7601) Service Pack 1; ESRI ArcGIS 10.0.5.4400</envirDesc><dataExt><geoEle><GeoBndBox esriExtentType="search"><exTypeCode Sync="TRUE">1</exTypeCode><westBL Sync="TRUE">-84.918508</westBL><eastBL Sync="TRUE">-80.479720</eastBL><northBL Sync="TRUE">41.993849</northBL><southBL Sync="TRUE">38.380188</southBL></GeoBndBox></geoEle></dataExt></dataIdInfo><mdMaint><maintFreq><MaintFreqCd value="012"/></maintFreq><maintNote>Last metadata review date: 20140827</maintNote></mdMaint><mdConst><Consts><useLimit>DNR further makes no warranties, either expressed or implied, as to the condition of the product, or its fitness for any particular purpose. The burden for determining fitness for use lies entirely with the user.</useLimit></Consts></mdConst><dqInfo><dqScope><scpLvl><ScopeCd value="005"/></scpLvl></dqScope><report type="DQCompOm"><measDesc>Data set is complete for the area of coverage.</measDesc></report><report type="DQAbsExtPosAcc" dimension="horizontal"><measDesc>Horizontal positional accuracy is based upon the use of USGS source quadrangles that are compiled to meet National Map Accuracy Standards (NMAS). NMAS horizontal accuracy requires that at least 90 percent of points tested are within 0.02 inch of the true position. The digital data are estimated to contain a horizontal positional error of less than or equal to 0.003 inch standard error in the two component directions relative to the source graphic.</measDesc><evalMethDesc>Horizontal positional accuracy is based upon the use of USGS source quadrangles that are compiled to meet National Map Accuracy Standards (NMAS). NMAS horizontal accuracy requires that at least 90 percent of points tested are within 0.02 inch of the true position. The digital data are estimated to contain a horizontal positional error of less than or equal to 0.003 inch standard error in the two component directions relative to the source graphic.</evalMethDesc><measResult><QuanResult><quanVal>12.19</quanVal></QuanResult></measResult></report><dataLineage><prcStep><stepDesc>This theme shows the county boundaries for the State of Ohio. Boundaries were assembled from individual USGS Quadrangle digital line graph files (dlg) of the boundary layer (bd). These files were obtained from the GIS Support Center, Ohio Department of Administrative Services and were originally prepared by the Ohio State University Center for Mapping in cooperation with the United States Geological Survey with additional funding from several state agencies and other groups. These files were augmented in a few instances with hand digitizing where small missing line segments were found. The Lake Erie shoreline and islands in Lake Erie were added from the Hydrography layer (hy). It should be noted that because the quadrangles used varied over a wide rangle of years this line does not represent a particular water level and is for illustrative purposes only. For example there is a wide offset between the shoreline on the Metzger Marsh Quadrangle and that of the Oak Harbor Quadrangle. This distance is so large that no attempt was made to edgematch the two quadrangles. The line connecting the two shorelines represents the quadrangle boundary. For the purposes of this map Sandusky Bay and Muddy Creek Bay were included as a part of Lake Erie. The Lake Erie shoreline is not meant to represent any Lake Erie shoreline which may be used for regulatory puposes. An updated boundary for Fairfield-Licking-Perry Counties within Buckeye Lake was included by digitizing the boundary from a more recently updated quadrangle map. Conversion from the dlg format to ArcInfo was accomplished using ArcInfo software in conjuction with an AML program to adjust the quadrangles so that their corners fall on the exact coordinates of the quadrangle corners. Due to the way in wihich coordinates are stored in the dlg's there is some variation in the quadrangle corner coordinates.</stepDesc><stepDateTm>2002-01-01</stepDateTm></prcStep><dataSource><srcDesc>Ohio original land subdivisions</srcDesc><srcScale><rfDenom>62500</rfDenom></srcScale><srcCitatn><resTitle>Ohio original land subdivisions</resTitle><resAltTitle>None</resAltTitle><date><pubDate>1922-01-01</pubDate></date><citRespParty><rpOrgName>Ohio original land subdivisions</rpOrgName><role><RoleCd value="006"/></role></citRespParty></srcCitatn><srcExt><exDesc>19220101</exDesc><tempEle><TempExtent><exTemp><TM_Instant><tmPosition>1922-01-01</tmPosition></TM_Instant></exTemp></TempExtent></tempEle></srcExt></dataSource></dataLineage></dqInfo><mdHrLvName Sync="TRUE">dataset</mdHrLvName><refSysInfo><RefSystem><refSysID><identCode code="3735" Sync="TRUE"></identCode><idCodeSpace Sync="TRUE">EPSG</idCodeSpace><idVersion Sync="TRUE">7.4.1</idVersion></refSysID></RefSystem></refSysInfo><spatRepInfo><VectSpatRep><geometObjs Name="ODNR_TOWNSHIP"><geoObjTyp><GeoObjTypCd value="002" Sync="TRUE"></GeoObjTypCd></geoObjTyp><geoObjCnt Sync="TRUE">1365</geoObjCnt></geometObjs><topLvl><TopoLevCd value="001" Sync="TRUE"></TopoLevCd></topLvl></VectSpatRep></spatRepInfo><spdoinfo><ptvctinf><esriterm><efeatyp Sync="TRUE">Simple</efeatyp><efeageom code="4" Sync="TRUE"></efeageom><esritopo Sync="TRUE">FALSE</esritopo><efeacnt Sync="TRUE">1365</efeacnt><spindex Sync="TRUE">FALSE</spindex><linrefer Sync="TRUE">FALSE</linrefer></esriterm></ptvctinf></spdoinfo></metadata>
